Date,coint only,mean crossing,half-life,all criteria
2018-11-23,0.0,0.0,0.0,0.0
2018-11-26,0.0,0.0,0.0,0.0
2018-11-27,0.0,0.0,0.0,0.0
2018-11-28,0.0,0.0,0.0,0.0
2018-11-29,0.0,0.0,0.0,0.0
2018-11-30,0.0,0.0,0.0,0.0
2018-12-03,0.0,0.0,0.0,0.0
2018-12-04,0.0,0.0,0.0,0.0
2018-12-06,0.0,0.0,0.0,0.0
2018-12-07,0.0,0.0,0.0,0.0
2018-12-10,0.0,0.0,0.0,0.0
2018-12-11,0.0,0.0,0.0,0.0
2018-12-12,0.0,0.0,0.0,0.0
2018-12-13,0.0,0.0,0.0,0.0
2018-12-14,0.0,0.0,0.0,0.0
2018-12-17,0.0,0.0,0.0,0.0
2018-12-18,0.0,0.0,0.0,0.0
2018-12-19,0.0,0.0,0.0,0.0
2018-12-20,0.0,0.0,0.0,0.0
2018-12-21,0.0,0.0,0.0,0.0
2018-12-24,0.0,0.0,0.0,0.0
2018-12-26,0.0,0.0,0.0,0.0
2018-12-27,0.0,0.0,0.0,0.0
2018-12-28,0.0,0.0,0.0,0.0
2018-12-31,0.0,0.0,0.0,0.0
2019-01-02,0.0,0.0,0.0,0.0
2019-01-03,0.0,0.0,0.0,0.0
2019-01-04,0.0,0.0,0.0,0.0
2019-01-07,0.0,0.0,0.0,0.0
2019-01-08,0.0,0.0,0.0,0.0
2019-01-09,-8.696088390907744e-05,-8.696088390907744e-05,-0.00011957121537498148,-0.00011957121537498148
2019-01-10,-0.0001154810689503391,-0.0001154810689503391,-0.00015878646980671627,-0.00015878646980671627
2019-01-11,0.0003693549626649822,0.0003693549626649822,0.0005078630736643506,0.0005078630736643506
2019-01-14,0.000625397274446519,0.000625397274446519,0.0008599212523639635,0.0008599212523639635
2019-01-15,8.333620595483918e-05,8.333620595483918e-05,0.00011458728318790388,0.00011458728318790388
2019-01-16,-8.68297665066357e-05,-8.68297665066357e-05,-0.00011939092894662409,-0.00011939092894662409
2019-01-17,0.011426990248948476,0.011426990248948476,0.015712111592304154,0.015712111592304154
2019-01-18,0.019695051623950632,0.019695051623950632,0.02708069598293212,0.02708069598293212
2019-01-22,0.014335447634384635,0.014335447634384635,0.01971124049727887,0.01971124049727887
2019-01-23,0.01408493296560319,0.01408493296560319,0.019366782827704383,0.019366782827704383
2019-01-24,0.01039411184186151,0.01039411184186151,0.014291903782559576,0.014291903782559576
2019-01-25,0.0037573604975431833,0.0037573604975431833,0.005166370684121876,0.005166370684121876
2019-01-28,-0.0014904341471421306,-0.0014904341471421306,-0.0020493469523204296,-0.0020493469523204296
2019-01-29,0.0036741667500995003,0.0036741667500995003,0.005051979281386812,0.005051979281386812
2019-01-30,0.000952385264799347,0.000952385264799347,0.0005168093916140476,0.0005168093916140476
2019-01-31,-0.0010036384634972593,-0.0010036384634972593,-0.0043701501230923884,-0.0043701501230923884
2019-02-01,0.0008537616872580222,0.0008537616872580222,-0.006375311360583389,-0.006375311360583389
2019-02-04,-0.002722461896261689,-0.002722461896261689,-0.008715755161945732,-0.008715755161945732
2019-02-05,0.002872856714528829,0.002872856714528829,-0.008469730725147217,-0.008469730725147217
2019-02-06,0.0029269948655642,0.0029269948655642,-0.0053983391201703704,-0.0053983391201703704
2019-02-07,0.00085421983048055,0.00085421983048055,-0.004463015720777133,-0.004463015720777133
2019-02-08,0.002848409680795089,0.002848409680795089,-0.0068962468330251905,-0.0068962468330251905
2019-02-11,0.0033622050759512983,0.0033622050759512983,-0.0038352064775030873,-0.0038352064775030873
2019-02-12,0.010408626653776606,0.010408626653776606,0.00131782549014177,0.00131782549014177
2019-02-13,0.004228035921206844,0.004228035921206844,-0.0015657918267133154,-0.0015657918267133154
2019-02-14,-0.001656046340795173,-0.001656046340795173,-0.009656404936966088,-0.009656404936966088
2019-02-15,-0.010604319403137342,-0.010604319403137342,-0.02196028039768657,-0.02196028039768657
2019-02-19,-0.009577318496735833,-0.009577318496735833,-0.020548154151384494,-0.020548154151384494
2019-02-20,-0.004541160608912034,-0.004541160608912034,-0.013623437055626776,-0.013623437055626776
2019-02-21,-0.007416057279743079,-0.007416057279743079,-0.01757641997801946,-0.01757641997801946
2019-02-22,-0.004148990263719784,-0.004148990263719784,-0.01308420283098743,-0.01308420283098743
2019-02-25,-0.007084165673057246,-0.007084165673057246,-0.01712006901882644,-0.01712006901882644
2019-02-26,-0.006765466282974141,-0.006765466282974141,-0.01668185735746217,-0.01668185735746217
2019-02-27,-0.0006481137112995145,-0.0006481137112995145,-0.008270497571409558,-0.008270497571409558
2019-02-28,0.012893588568005161,0.012893588568005161,0.010349343062634372,0.010349343062634372
2019-03-01,0.02747166150615151,0.02747166150615151,0.030394193352585606,0.030394193352585606
2019-03-04,0.027171858999875752,0.027171858999875752,0.029981964906456434,0.029981964906456434
2019-03-05,0.027385019721082718,0.027385019721082718,0.030275060898116015,0.030275060898116015
2019-03-06,0.02787364721189309,0.02787364721189309,0.030946923697980275,0.030946923697980275
2019-03-07,0.02758406847066465,0.02758406847066465,0.03054875292879117,0.03054875292879117
2019-03-08,0.033317771817564984,0.033317771817564984,0.03843259503077913,0.03843259503077913
2019-03-11,0.055479585267005055,0.055479585267005055,0.06890508852375923,0.06890508852375923
2019-03-12,0.051713664238204234,0.051713664238204234,0.06717340054517602,0.06717340054517602
2019-03-13,0.05706543457775209,0.05706543457775209,0.07453208476205432,0.07453208476205432
2019-03-14,0.06078561360080279,0.06078561360080279,0.07964733091874904,0.07964733091874904
2019-03-15,0.060391765331970174,0.060391765331970174,0.07910578954910419,0.07910578954910419
2019-03-18,0.060058513656262066,0.060058513656262066,0.07864756849500554,0.07864756849500554
2019-03-19,0.060951614034899904,0.060951614034899904,0.07987558151563257,0.07987558151563257
2019-03-20,0.06124003864824012,0.06124003864824012,0.08027216535897537,0.08027216535897537
2019-03-21,0.061570724918119484,0.061570724918119484,0.0807268589800595,0.0807268589800595
2019-03-22,0.06259534090331328,0.06259534090331328,0.08213570595970096,0.08213570595970096
2019-03-25,0.06324037992925284,0.06324037992925284,0.08302263462036785,0.08302263462036785
2019-03-26,0.06324037992925284,0.06324037992925284,0.08302263462036785,0.08302263462036785
2019-03-27,0.06613609200659723,0.06613609200659723,0.08700423872671639,0.08700423872671639
2019-03-28,0.06660965423520206,0.06660965423520206,0.08765538679104803,0.08765538679104803
2019-03-29,0.06724755612521686,0.06724755612521686,0.08853250188981839,0.08853250188981839
2019-04-01,0.06753138809706642,0.06753138809706642,0.08892277085111153,0.08892277085111153
2019-04-02,0.06746036645351451,0.06746036645351451,0.08882511609122765,0.08882511609122765
2019-04-03,0.06794419321086144,0.06794419321086144,0.08949037788257967,0.08949037788257967
2019-04-04,0.06734163973453146,0.06734163973453146,0.08866186685262595,0.08866186685262595
2019-04-05,0.06648129378917937,0.06648129378917937,0.08747889117776683,0.08747889117776683
2019-04-08,0.06581046526708334,0.06581046526708334,0.08643736100474111,0.08643736100474111
2019-04-09,0.06500554581555122,0.06500554581555122,0.08534229114133672,0.08534229114133672
2019-04-10,0.06659563343683175,0.06659563343683175,0.08742117026292553,0.08742117026292553
2019-04-11,0.06647833683767293,0.06647833683767293,0.08725988743908215,0.08725988743908215
2019-04-12,0.0672984383017823,0.0672984383017823,0.08838752695223254,0.08838752695223254
2019-04-15,0.06774794985434202,0.06774794985434202,0.08900560533700215,0.08900560533700215
2019-04-16,0.06868186796823618,0.06868186796823618,0.09028974274360663,0.09028974274360663
2019-04-17,0.068893801322504,0.068893801322504,0.09088584202561073,0.09088584202561073
2019-04-18,0.0687490387149571,0.0687490387149571,0.09088584202561073,0.09088584202561073
2019-04-22,0.07058671168709611,0.07058671168709611,0.09088584202561073,0.09088584202561073
2019-04-23,0.06873876330591451,0.06873876330591451,0.0915714530389432,0.0915714530389432
2019-04-24,0.06800653274129022,0.06800653274129022,0.092052065880661,0.092052065880661
2019-04-25,0.06316807518342621,0.06316807518342621,0.09271421222176512,0.09271421222176512
2019-04-26,0.06692547987358251,0.06692547987358251,0.09271421222176512,0.09271421222176512
2019-04-29,0.06453642766807165,0.06453642766807165,0.09271421222176512,0.09271421222176512
2019-04-30,0.06961466775355396,0.06961466775355396,0.09271421222176512,0.09271421222176512
2019-05-01,0.07245025334946414,0.07245025334946414,0.09271421222176512,0.09271421222176512
2019-05-02,0.06841466728063089,0.06841466728063089,0.09271421222176512,0.09271421222176512
2019-05-03,0.06841466728063089,0.06841466728063089,0.09271421222176512,0.09271421222176512
2019-05-06,0.06576060772284817,0.06576060772284817,0.09271421222176512,0.09271421222176512
2019-05-07,0.0706092873793616,0.0706092873793616,0.09271421222176512,0.09271421222176512
2019-05-08,0.0672104000739254,0.0672104000739254,0.09271421222176512,0.09271421222176512
2019-05-09,0.06587361863317964,0.06587361863317964,0.09271421222176512,0.09271421222176512
2019-05-10,0.06587361863317964,0.06587361863317964,0.09271421222176512,0.09271421222176512
2019-05-13,0.06658103392148809,0.06658103392148809,0.09368690824318925,0.09368690824318925
2019-05-14,0.0759445947022629,0.0759445947022629,0.1065618043167546,0.1065618043167546
2019-05-15,0.07281937894026762,0.07281937894026762,0.10226463264401109,0.10226463264401109
2019-05-16,0.07965586471972005,0.07965586471972005,0.1116648005907582,0.1116648005907582
2019-05-17,0.08170428360980357,0.08170428360980357,0.11448137656462304,0.11448137656462304
2019-05-20,0.0849603191080039,0.0849603191080039,0.11895842537464849,0.11895842537464849
2019-05-21,0.08484290633592083,0.08484290633592083,0.11879698281303427,0.11879698281303427
2019-05-22,0.08535726202276177,0.08535726202276177,0.11950422188244056,0.11950422188244056
2019-05-23,0.08541137662626062,0.08541137662626062,0.11957862946225148,0.11957862946225148
2019-05-24,0.08662377151113661,0.08662377151113661,0.12124567242895595,0.12124567242895595
2019-05-28,0.0864452889929285,0.0864452889929285,0.1210002589664198,0.1210002589664198
2019-05-29,0.08811007048170792,0.08811007048170792,0.1232893335134915,0.1232893335134915
2019-05-30,0.08583341120479689,0.08583341120479689,0.12015892700773884,0.12015892700773884
2019-05-31,0.08411428254954775,0.08411428254954775,0.11779512510677126,0.11779512510677126
2019-06-03,0.08428540675818313,0.08428540675818313,0.11803042089364493,0.11803042089364493
2019-06-04,0.08052465302999492,0.08052465302999492,0.11483531434687681,0.11483531434687681
2019-06-05,0.0778289673405524,0.0778289673405524,0.11112874652389333,0.11112874652389333
2019-06-06,0.08118440778465842,0.08118440778465842,0.11570651811536865,0.11570651811536865
2019-06-07,0.08030653735334509,0.08030653735334509,0.11442519498086451,0.11442519498086451
2019-06-10,0.07947982693422752,0.07947982693422752,0.11248292664359319,0.11248292664359319
2019-06-11,0.07697442618763499,0.07697442618763499,0.1126903685141547,0.1126903685141547
2019-06-12,0.07834382409248375,0.07834382409248375,0.10733696339320145,0.10733696339320145
2019-06-13,0.08104683971721625,0.08104683971721625,0.11073028090115652,0.11073028090115652
2019-06-14,0.06771849991027723,0.06771849991027723,0.0924038136666154,0.0924038136666154
2019-06-17,0.08243649440320518,0.08243649440320518,0.11252525033027655,0.11252525033027655
2019-06-18,0.08807863034193722,0.08807863034193722,0.12028318724603311,0.12028318724603311
2019-06-19,0.08807863034193722,0.08807863034193722,0.12028318724603311,0.12028318724603311
2019-06-20,0.08807863034193722,0.08807863034193722,0.12028318724603311,0.12028318724603311
2019-06-21,0.08689320637619138,0.08689320637619138,0.11865322929313259,0.11865322929313259
2019-06-24,0.08680322302108082,0.08680322302108082,0.11852950217985556,0.11852950217985556
2019-06-25,0.08621421865097813,0.08621421865097813,0.11771962117096436,0.11771962117096436
2019-06-26,0.08592150519087298,0.08592150519087298,0.11731714016331977,0.11731714016331977
2019-06-27,0.09188735607137657,0.09188735607137657,0.12552018512401222,0.12552018512401222
2019-06-28,0.09193342836678614,0.09193342836678614,0.12558353453020038,0.12558353453020038
2019-07-01,0.09707118342825488,0.09707118342825488,0.13264794773971988,0.13264794773971988
2019-07-02,0.1087976678853856,0.1087976678853856,0.1487718638682746,0.1487718638682746
2019-07-03,0.10986718180431011,0.10986718180431011,0.1502424455067958,0.1502424455067958
2019-07-05,0.10707365719818723,0.10707365719818723,0.14640134917337688,0.14640134917337688
2019-07-08,0.11898204293087691,0.11898204293087691,0.16277537955582516,0.16277537955582516
2019-07-09,0.12604900851978418,0.12604900851978418,0.17249245724057266,0.17249245724057266
2019-07-10,0.13268888693099778,0.13268888693099778,0.18162229005599134,0.18162229005599134
2019-07-11,0.13213984176220184,0.13213984176220184,0.18086735294889697,0.18086735294889697
2019-07-12,0.13213984176220184,0.13213984176220184,0.18086735294889697,0.18086735294889697
2019-07-15,0.13297946207063258,0.13297946207063258,0.1820218308729892,0.1820218308729892
2019-07-16,0.13297946207063258,0.13297946207063258,0.1820218308729892,0.1820218308729892
2019-07-17,0.13297946207063258,0.13297946207063258,0.1820218308729892,0.1820218308729892
2019-07-18,0.13297946207063258,0.13297946207063258,0.1820218308729892,0.1820218308729892
2019-07-19,0.1330445846862519,0.1330445846862519,0.18211137446946582,0.18211137446946582
2019-07-22,0.13194260939629743,0.13194260939629743,0.18059615844577837,0.18059615844577837
2019-07-23,0.13425737945540572,0.13425737945540572,0.18377896727705226,0.18377896727705226
2019-07-24,0.14329569605689696,0.14329569605689696,0.19620665260410275,0.19620665260410275
2019-07-25,0.14329569605689696,0.14329569605689696,0.19620665260410275,0.19620665260410275
2019-07-26,0.14329569605689696,0.14329569605689696,0.19620665260410275,0.19620665260410275
2019-07-29,0.14564457961976354,0.14564457961976354,0.19943636750304433,0.19943636750304433
2019-07-30,0.1467226482100728,0.1467226482100728,0.20091871181471954,0.20091871181471954
2019-07-31,0.1467226482100728,0.1467226482100728,0.20091871181471954,0.20091871181471954
2019-08-01,0.1467226482100728,0.1467226482100728,0.20091871181471954,0.20091871181471954
2019-08-02,0.1467226482100728,0.1467226482100728,0.20091871181471954,0.20091871181471954
2019-08-05,0.1467226482100728,0.1467226482100728,0.20091871181471954,0.20091871181471954
2019-08-06,0.1467226482100728,0.1467226482100728,0.20091871181471954,0.20091871181471954
2019-08-07,0.1467226482100728,0.1467226482100728,0.20091871181471954,0.20091871181471954
2019-08-08,0.1467226482100728,0.1467226482100728,0.20091871181471954,0.20091871181471954
2019-08-09,0.1396575968309482,0.1396575968309482,0.20091871181471954,0.20091871181471954
2019-08-12,0.1396575968309482,0.1396575968309482,0.20091871181471954,0.20091871181471954
2019-08-13,0.1396575968309482,0.1396575968309482,0.20091871181471954,0.20091871181471954
2019-08-14,0.1396575968309482,0.1396575968309482,0.20091871181471954,0.20091871181471954
2019-08-15,0.1396575968309482,0.1396575968309482,0.20091871181471954,0.20091871181471954
2019-08-16,0.1396575968309482,0.1396575968309482,0.20091871181471954,0.20091871181471954
2019-08-19,0.1396575968309482,0.1396575968309482,0.20091871181471954,0.20091871181471954
2019-08-20,0.1396575968309482,0.1396575968309482,0.20091871181471954,0.20091871181471954
2019-08-21,0.1396575968309482,0.1396575968309482,0.20091871181471954,0.20091871181471954
2019-08-22,0.1396575968309482,0.1396575968309482,0.20091871181471954,0.20091871181471954
2019-08-23,0.1396575968309482,0.1396575968309482,0.20091871181471954,0.20091871181471954
2019-08-26,0.1396575968309482,0.1396575968309482,0.20091871181471954,0.20091871181471954
2019-08-27,0.137998765531809,0.137998765531809,0.20091871181471954,0.20091871181471954
2019-08-28,0.137998765531809,0.137998765531809,0.20091871181471954,0.20091871181471954
2019-08-29,0.137998765531809,0.137998765531809,0.20091871181471954,0.20091871181471954
2019-08-30,0.137998765531809,0.137998765531809,0.20091871181471954,0.20091871181471954
2019-09-03,0.13805963421056558,0.13805963421056558,0.20091871181471954,0.20091871181471954
2019-09-04,0.13805307631415095,0.13805307631415095,0.20090969470714942,0.20090969470714942
2019-09-05,0.14989106203440217,0.14989106203440217,0.21718692507249482,0.21718692507249482
2019-09-06,0.15937622449765165,0.15937622449765165,0.2302290234594629,0.2302290234594629
2019-09-09,0.17415332613132464,0.17415332613132464,0.2401238600198508,0.2401238600198508
2019-09-10,0.17570281484365566,0.17570281484365566,0.24225440699930595,0.24225440699930595
2019-09-11,0.17497218673741763,0.17497218673741763,0.24124979335322863,0.24124979335322863
2019-09-12,0.17560974223773396,0.17560974223773396,0.24212643216616359,0.24212643216616359
2019-09-13,0.17522025103640185,0.17522025103640185,0.24159088176433197,0.24159088176433197
2019-09-16,0.17504647947973193,0.17504647947973193,0.2413519458739108,0.2413519458739108
2019-09-17,0.1756678578506612,0.1756678578506612,0.24220634113393855,0.24220634113393855
2019-09-18,0.17444337971896395,0.17444337971896395,0.24052909857174365,0.24052909857174365
2019-09-19,0.1730582399296129,0.1730582399296129,0.2385558949579023,0.2385558949579023
2019-09-20,0.17288794931486742,0.17288794931486742,0.2383217453626273,0.2383217453626273
2019-09-23,0.17139726130319508,0.17139726130319508,0.2362720493465778,0.2362720493465778
2019-09-24,0.17828271544420898,0.17828271544420898,0.24573954879047194,0.24573954879047194
2019-09-25,0.1877651211091451,0.1877651211091451,0.25877785657975905,0.25877785657975905
2019-09-26,0.18984531281241715,0.18984531281241715,0.2616381201717582,0.2616381201717582
2019-09-27,0.20249155623277523,0.20249155623277523,0.27902670487475056,0.27902670487475056
2019-09-30,0.20664967777087695,0.20664967777087695,0.2847441219896405,0.2847441219896405
2019-10-01,0.19958508012744766,0.19958508012744766,0.27503030022992514,0.27503030022992514
2019-10-02,0.19756794758303417,0.19756794758303417,0.2722567429813566,0.2722567429813566
2019-10-03,0.19422525948777533,0.19422525948777533,0.2676605468503757,0.2676605468503757
2019-10-04,0.19992237327526052,0.19992237327526052,0.27549407830816786,0.27549407830816786
2019-10-07,0.1962672608263982,0.1962672608263982,0.2704682986909822,0.2704682986909822
2019-10-08,0.19324200952480552,0.19324200952480552,0.2663085781512922,0.2663085781512922
2019-10-09,0.19729274798888496,0.19729274798888496,0.27187834353940143,0.27187834353940143
2019-10-10,0.19900232353358083,0.19900232353358083,0.2742290099133583,0.2742290099133583
2019-10-11,0.20035183160089343,0.20035183160089343,0.2760845835059131,0.2760845835059131
2019-10-14,0.20411922742114344,0.20411922742114344,0.28126475275875684,0.28126475275875684
2019-10-15,0.20055509995798176,0.20055509995798176,0.2763640774969096,0.2763640774969096
2019-10-16,0.2044777742467763,0.2044777742467763,0.2817577546440021,0.2817577546440021
2019-10-17,0.2044777742467763,0.2044777742467763,0.2817577546440021,0.2817577546440021
2019-10-18,0.2044777742467763,0.2044777742467763,0.2817577546440021,0.2817577546440021
2019-10-21,0.2044777742467763,0.2044777742467763,0.2817577546440021,0.2817577546440021
2019-10-22,0.20270634450112449,0.20270634450112449,0.2817577546440021,0.2817577546440021
2019-10-23,0.19678695129556498,0.19678695129556498,0.2816669210765054,0.2816669210765054
2019-10-24,0.1953514702750071,0.1953514702750071,0.28219031063093114,0.28219031063093114
2019-10-25,0.20348424704973408,0.20348424704973408,0.28365594286715057,0.28365594286715057
2019-10-28,0.21006276134423796,0.21006276134423796,0.2894754196251663,0.2894754196251663
2019-10-29,0.20876184828169864,0.20876184828169864,0.293484095232279,0.293484095232279
2019-10-30,0.20680394674261926,0.20680394674261926,0.29079198061604483,0.29079198061604483
2019-10-31,0.20678413384481245,0.20678413384481245,0.2907647378815605,0.2907647378815605
2019-11-01,0.2164443086264759,0.2164443086264759,0.3040474782063476,0.3040474782063476
2019-11-04,0.23534454865705692,0.23534454865705692,0.33003530824839655,0.33003530824839655
2019-11-05,0.22634667594074306,0.22634667594074306,0.32225455288862737,0.32225455288862737
2019-11-06,0.24319670349671973,0.24319670349671973,0.3276126995111761,0.3276126995111761
2019-11-07,0.2618290076014028,0.2618290076014028,0.3462437131545895,0.3462437131545895
2019-11-08,0.2641427855770412,0.2641427855770412,0.3462437131545895,0.3462437131545895
2019-11-11,0.2706983961395888,0.2706983961395888,0.3552576776780925,0.3552576776780925
2019-11-12,0.2767297551158055,0.2767297551158055,0.3635507962703905,0.3635507962703905
2019-11-13,0.2767297551158055,0.2767297551158055,0.3635507962703905,0.3635507962703905
2019-11-14,0.2767297551158055,0.2767297551158055,0.3635507962703905,0.3635507962703905
2019-11-15,0.2768029679995846,0.2768029679995846,0.3635507962703905,0.3635507962703905
2019-11-18,0.27680489436762545,0.27680489436762545,0.3635507962703905,0.3635507962703905
2019-11-19,0.27680489436762545,0.27680489436762545,0.3635507962703905,0.3635507962703905
2019-11-20,0.2769195206354907,0.2769195206354907,0.3635507962703905,0.3635507962703905
2019-11-21,0.2792678289223891,0.2792678289223891,0.3635507962703905,0.3635507962703905
2019-11-22,0.2792678289223891,0.2792678289223891,0.3635507962703905,0.3635507962703905
2019-11-25,0.2792678289223891,0.2792678289223891,0.3635507962703905,0.3635507962703905
2019-11-26,0.2792678289223891,0.2792678289223891,0.3635507962703905,0.3635507962703905
2019-11-27,0.2792678289223891,0.2792678289223891,0.3635507962703905,0.3635507962703905
2019-11-29,0.28581847674292754,0.28581847674292754,0.3635507962703905,0.3635507962703905
2019-12-02,0.2774956210410446,0.2774956210410446,0.3635507962703905,0.3635507962703905
2019-12-03,0.27919111800140245,0.27919111800140245,0.3635507962703905,0.3635507962703905
2019-12-04,0.27863569389677106,0.27863569389677106,0.3635507962703905,0.3635507962703905
2019-12-05,0.2874515366550536,0.2874515366550536,0.3635507962703905,0.3635507962703905
2019-12-06,0.2874515366550536,0.2874515366550536,0.3635507962703905,0.3635507962703905
2019-12-09,0.2874515366550536,0.2874515366550536,0.3635507962703905,0.3635507962703905
2019-12-10,0.2874515366550536,0.2874515366550536,0.3635507962703905,0.3635507962703905
2019-12-11,0.2874515366550536,0.2874515366550536,0.3635507962703905,0.3635507962703905
2019-12-12,0.2874515366550536,0.2874515366550536,0.3635507962703905,0.3635507962703905
2019-12-13,0.2874515366550536,0.2874515366550536,0.3635507962703905,0.3635507962703905
2019-12-16,0.2874515366550536,0.2874515366550536,0.3635507962703905,0.3635507962703905
2019-12-17,0.2874515366550536,0.2874515366550536,0.3635507962703905,0.3635507962703905
2019-12-18,0.2874515366550536,0.2874515366550536,0.3635507962703905,0.3635507962703905
2019-12-19,0.2874515366550536,0.2874515366550536,0.3635507962703905,0.3635507962703905
2019-12-20,0.2973762278339736,0.2973762278339736,0.3635507962703905,0.3635507962703905
2019-12-23,0.30496972774996267,0.30496972774996267,0.3635507962703905,0.3635507962703905
2019-12-24,0.30496972774996267,0.30496972774996267,0.3635507962703905,0.3635507962703905
2019-12-26,0.30496972774996267,0.30496972774996267,0.3635507962703905,0.3635507962703905
2019-12-27,0.30496972774996267,0.30496972774996267,0.3635507962703905,0.3635507962703905
2019-12-30,0.30496972774996267,0.30496972774996267,0.3635507962703905,0.3635507962703905
2019-12-31,0.30496972774996267,0.30496972774996267,0.3635507962703905,0.3635507962703905
2020-01-02,0.30496972774996267,0.30496972774996267,0.3635507962703905,0.3635507962703905
2020-01-03,0.30524974888094203,0.30524974888094203,0.36393582532548713,0.36393582532548713
2020-01-06,0.31115152685226755,0.31115152685226755,0.37205077003605985,0.37205077003605985
2020-01-07,0.3111315004518787,0.3111315004518787,0.37202323373552515,0.37202323373552515
2020-01-08,0.3221362886081083,0.3221362886081083,0.38715481745034075,0.38715481745034075
2020-01-09,0.3322771949098466,0.3322771949098466,0.40109856361523094,0.40109856361523094
2020-01-10,0.3319839147413659,0.3319839147413659,0.40069530338357,0.40069530338357
2020-01-13,0.33220026002767794,0.33220026002767794,0.40099277815224904,0.40099277815224904
2020-01-14,0.33233240747067344,0.33233240747067344,0.4011744808863678,0.4011744808863678
2020-01-15,0.3314949904986737,0.3314949904986737,0.40002303254986826,0.40002303254986826
2020-01-16,0.33152635904811373,0.33152635904811373,0.4000661643053482,0.4000661643053482
2020-01-17,0.3320784519672244,0.3320784519672244,0.4008252920691254,0.4008252920691254
2020-01-21,0.33131644611377853,0.33131644611377853,0.3997775340206373,0.3997775340206373
2020-01-22,0.3324913557263303,0.3324913557263303,0.401393034737896,0.401393034737896
2020-01-23,0.3338150176309907,0.3338150176309907,0.4032130698568041,0.4032130698568041
2020-01-24,0.33160548590020056,0.33160548590020056,0.4001749637269676,0.4001749637269676
2020-01-27,0.34085357255149135,0.34085357255149135,0.4128910828724925,0.4128910828724925
2020-01-28,0.3305529099432559,0.3305529099432559,0.3987276717861688,0.3987276717861688
2020-01-29,0.33684019856679637,0.33684019856679637,0.4073726936435369,0.4073726936435369
2020-01-30,0.33314513374163596,0.33314513374163596,0.4022919795089413,0.4022919795089413
2020-01-31,0.3305240980876904,0.3305240980876904,0.3986880554847662,0.3986880554847662
2020-02-03,0.3459186689409676,0.3459186689409676,0.41985559040802234,0.41985559040802234
2020-02-04,0.3459186689409676,0.3459186689409676,0.41985559040802234,0.41985559040802234
2020-02-05,0.3459186689409676,0.3459186689409676,0.41985559040802234,0.41985559040802234
2020-02-06,0.3459186689409676,0.3459186689409676,0.41985559040802234,0.41985559040802234
2020-02-07,0.3459186689409676,0.3459186689409676,0.41985559040802234,0.41985559040802234
2020-02-10,0.3459186689409676,0.3459186689409676,0.41985559040802234,0.41985559040802234
2020-02-11,0.3459186689409676,0.3459186689409676,0.41985559040802234,0.41985559040802234
2020-02-12,0.3459186689409676,0.3459186689409676,0.41985559040802234,0.41985559040802234
2020-02-13,0.3459186689409676,0.3459186689409676,0.41985559040802234,0.41985559040802234
2020-02-14,0.3560998325789233,0.3560998325789233,0.41985559040802234,0.41985559040802234
2020-02-18,0.3604900427699201,0.3604900427699201,0.41814976700053647,0.41814976700053647
2020-02-19,0.3694343983559826,0.3694343983559826,0.4304482559313725,0.4304482559313725
2020-02-20,0.37342483075930133,0.37342483075930133,0.4359351004859357,0.4359351004859357
2020-02-21,0.37826584079860903,0.37826584079860903,0.4425914892899838,0.4425914892899838
2020-02-24,0.3938347660591093,0.3938347660591093,0.4440394517827825,0.4440394517827825
2020-02-25,0.3948340190665214,0.3948340190665214,0.45032325240926974,0.45032325240926974
2020-02-26,0.39566878579154763,0.39566878579154763,0.4514467022534894,0.4514467022534894
2020-02-27,0.4247483823763496,0.4247483823763496,0.45098603113490515,0.45098603113490515
2020-02-28,0.42546556735383406,0.42546556735383406,0.4585320391371812,0.4585320391371812
2020-03-02,0.40036527262167404,0.40036527262167404,0.4585320391371812,0.4585320391371812
2020-03-03,0.3986077181381157,0.3986077181381157,0.45822548138806746,0.45822548138806746
2020-03-04,0.38053640743697464,0.38053640743697464,0.45702725911867514,0.45702725911867514
2020-03-05,0.38268896843006817,0.38268896843006817,0.4591807431563325,0.4591807431563325
2020-03-06,0.38047309421385656,0.38047309421385656,0.4561339161090415,0.4561339161090415
2020-03-09,0.40115712056090885,0.40115712056090885,0.46223864808170734,0.46223864808170734
2020-03-10,0.4065401196073896,0.4065401196073896,0.4646775027512552,0.4646775027512552
2020-03-11,0.43739210569407,0.43739210569407,0.4639743004604937,0.4639743004604937
2020-03-12,0.4697202195460365,0.4697202195460365,0.4742754026487467,0.4742754026487467
2020-03-13,0.45879808871722627,0.45879808871722627,0.449017308616377,0.449017308616377
2020-03-16,0.4700450364374561,0.4700450364374561,0.49345944759481597,0.49345944759481597
2020-03-17,0.4776882324917448,0.4776882324917448,0.45566123505916273,0.45566123505916273
2020-03-18,0.4939918890193935,0.4939918890193935,0.45724284000229914,0.45724284000229914
2020-03-19,0.507556091161031,0.507556091161031,0.4915357281819329,0.4915357281819329
2020-03-20,0.5022867767765202,0.5022867767765202,0.4842904209032306,0.4842904209032306
2020-03-23,0.49964216260678485,0.49964216260678485,0.4806540764198444,0.4806540764198444
2020-03-24,0.5239436816541136,0.5239436816541136,0.4934481998938681,0.4934481998938681
2020-03-25,0.5211869451663025,0.5211869451663025,0.48965768722312775,0.48965768722312775
2020-03-26,0.5262214022792353,0.5262214022792353,0.4898218394700111,0.4898218394700111
2020-03-27,0.5303839445676544,0.5303839445676544,0.4957566314053045,0.4957566314053045
2020-03-30,0.5165172154016865,0.5165172154016865,0.507709484460335,0.507709484460335
2020-03-31,0.519934937801371,0.519934937801371,0.5124088527599013,0.5124088527599013
2020-04-01,0.5162615563879804,0.5162615563879804,0.5073579533164893,0.5073579533164893
2020-04-02,0.5164532510109509,0.5164532510109509,0.5076215334230736,0.5076215334230736
2020-04-03,0.5176849035950416,0.5176849035950416,0.5093150557261983,0.5093150557261983
2020-04-06,0.5309428117432576,0.5309428117432576,0.5275446794299954,0.5275446794299954
2020-04-07,0.5309324912927447,0.5309324912927447,0.5275304888105401,0.5275304888105401
2020-04-08,0.524245708113003,0.524245708113003,0.5183361619383953,0.5183361619383953
2020-04-09,0.564080938125844,0.564080938125844,0.5268016441585598,0.5268016441585598
2020-04-13,0.5588951547866997,0.5588951547866997,0.5196711920672363,0.5196711920672363
2020-04-14,0.5630848265900968,0.5630848265900968,0.5254319907969074,0.5254319907969074
2020-04-15,0.565953766469864,0.565953766469864,0.5293767831315871,0.5293767831315871
2020-04-16,0.5734474937978313,0.5734474937978313,0.5396806582075423,0.5396806582075423
2020-04-17,0.5733283468087259,0.5733283468087259,0.5395168310975225,0.5395168310975225
2020-04-20,0.5493745625447182,0.5493745625447182,0.5065803777345116,0.5065803777345116
2020-04-21,0.5596133165121054,0.5596133165121054,0.5206586644396691,0.5206586644396691
2020-04-22,0.5736159003934589,0.5736159003934589,0.5399122172765302,0.5399122172765302
2020-04-23,0.5768988123738802,0.5768988123738802,0.5444262212496095,0.5444262212496095
2020-04-24,0.5802613119141828,0.5802613119141828,0.5490496581175257,0.5490496581175257
2020-04-27,0.579754830380637,0.579754830380637,0.5483532460089,0.5483532460089
2020-04-28,0.5806927718496774,0.5806927718496774,0.5496429155288305,0.5496429155288305
2020-04-29,0.5813913603337771,0.5813913603337771,0.5506034746944679,0.5506034746944679
2020-04-30,0.5717965159127654,0.5717965159127654,0.5374105636155766,0.5374105636155766
2020-05-01,0.5748305001847682,0.5748305001847682,0.5415822919895805,0.5415822919895805
2020-05-04,0.5745079752136961,0.5745079752136961,0.5411388201543563,0.5411388201543563
2020-05-05,0.5789650640733218,0.5789650640733218,0.5472673173363416,0.5472673173363416
2020-05-06,0.573015767627255,0.573015767627255,0.5390870347229998,0.5390870347229998
2020-05-07,0.5731545324945062,0.5731545324945062,0.5392778364154702,0.5392778364154702
2020-05-08,0.5761554996364451,0.5761554996364451,0.5434041662356361,0.5434041662356361
2020-05-11,0.5722925646085004,0.5722925646085004,0.5380926305722122,0.5380926305722122
2020-05-12,0.5581923910160166,0.5581923910160166,0.518704891882547,0.518704891882547
2020-05-13,0.5609231424563261,0.5609231424563261,0.5224596751129725,0.5224596751129725
2020-05-14,0.5373736447647133,0.5373736447647133,0.4900791157870049,0.4900791157870049
2020-05-15,0.5555845461851134,0.5555845461851134,0.5151191052400551,0.5151191052400551
2020-05-18,0.5565242669198733,0.5565242669198733,0.51641122125035,0.51641122125035
2020-05-19,0.5542369803081767,0.5542369803081767,0.5132662021592671,0.5132662021592671
2020-05-20,0.5600626666657801,0.5600626666657801,0.5212765209009718,0.5212765209009718
2020-05-21,0.5577507556648912,0.5577507556648912,0.5180976432747495,0.5180976432747495
2020-05-22,0.5594058750732521,0.5594058750732521,0.5203734324612459,0.5203734324612459
2020-05-26,0.5695775013123652,0.5695775013123652,0.5343594185400263,0.5343594185400263
2020-05-27,0.566229645058782,0.566229645058782,0.5297561161913495,0.5297561161913495
2020-05-28,0.5635245386544983,0.5635245386544983,0.5260365948854594,0.5260365948854594
2020-05-29,0.5631431178254857,0.5631431178254857,0.525512141245567,0.525512141245567
2020-06-01,0.5634034601354929,0.5634034601354929,0.5258701119218271,0.5258701119218271
2020-06-02,0.5644245403241448,0.5644245403241448,0.5272740971812234,0.5272740971812234
2020-06-03,0.5638705633235163,0.5638705633235163,0.5265123788053591,0.5265123788053591
2020-06-04,0.5651552198290184,0.5651552198290184,0.5282787815004244,0.5282787815004244
2020-06-05,0.5636430847154549,0.5636430847154549,0.5261995957192747,0.5261995957192747
2020-06-08,0.5643833714307577,0.5643833714307577,0.5272174899528159,0.5272174899528159
2020-06-09,0.5618845922677423,0.5618845922677423,0.5237816686036698,0.5237816686036698
2020-06-10,0.5652182565228122,0.5652182565228122,0.5283654569543911,0.5283654569543911
2020-06-11,0.5698569660131084,0.5698569660131084,0.5347436825035483,0.5347436825035483
2020-06-12,0.5703833760636864,0.5703833760636864,0.5320223623088832,0.5320223623088832
2020-06-15,0.5740502504859549,0.5740502504859549,0.5356542324078439,0.5356542324078439
2020-06-16,0.5738479558113037,0.5738479558113037,0.5353760772301984,0.5353760772301984
2020-06-17,0.5737265673882294,0.5737265673882294,0.5352091681484713,0.5352091681484713
2020-06-18,0.5720375328241216,0.5720375328241216,0.5328867456228231,0.5328867456228231
2020-06-19,0.5797341403969959,0.5797341403969959,0.5434695810355252,0.5434695810355252
2020-06-22,0.5826578927547629,0.5826578927547629,0.5474897405274549,0.5474897405274549
2020-06-23,0.5826578927547629,0.5826578927547629,0.5474897405274549,0.5474897405274549
2020-06-24,0.5826578927547629,0.5826578927547629,0.5474897405274549,0.5474897405274549
2020-06-25,0.5826578927547629,0.5826578927547629,0.5474897405274549,0.5474897405274549
2020-06-26,0.5826578927547629,0.5826578927547629,0.5474897405274549,0.5474897405274549
2020-06-29,0.5826578927547629,0.5826578927547629,0.5474897405274549,0.5474897405274549
2020-06-30,0.5826578927547629,0.5826578927547629,0.5474897405274549,0.5474897405274549
2020-07-01,0.5826578927547629,0.5826578927547629,0.5474897405274549,0.5474897405274549
2020-07-02,0.5826578927547629,0.5826578927547629,0.5474897405274549,0.5474897405274549
2020-07-06,0.5826578927547629,0.5826578927547629,0.5474897405274549,0.5474897405274549
2020-07-07,0.5826578927547629,0.5826578927547629,0.5474897405274549,0.5474897405274549
2020-07-08,0.5826578927547629,0.5826578927547629,0.5474897405274549,0.5474897405274549
2020-07-09,0.5826578927547629,0.5826578927547629,0.5474897405274549,0.5474897405274549
2020-07-10,0.5826578927547629,0.5826578927547629,0.5474897405274549,0.5474897405274549
2020-07-13,0.5826578927547629,0.5826578927547629,0.5474897405274549,0.5474897405274549
2020-07-14,0.5826578927547629,0.5826578927547629,0.5474897405274549,0.5474897405274549
2020-07-15,0.5826578927547629,0.5826578927547629,0.5474897405274549,0.5474897405274549
2020-07-16,0.5826578927547629,0.5826578927547629,0.5474897405274549,0.5474897405274549
2020-07-17,0.5826578927547629,0.5826578927547629,0.5474897405274549,0.5474897405274549
2020-07-20,0.5826578927547629,0.5826578927547629,0.5474897405274549,0.5474897405274549
2020-07-21,0.5942548358472043,0.5942548358472043,0.5634355372795619,0.5634355372795619
2020-07-22,0.5890117229882207,0.5890117229882207,0.5562262570984593,0.5562262570984593
2020-07-23,0.593115925647242,0.593115925647242,0.5618695357546138,0.5618695357546138
2020-07-24,0.5902829418054337,0.5902829418054337,0.5579741829721273,0.5579741829721273
2020-07-27,0.5902220296221521,0.5902220296221521,0.5578904287201151,0.5578904287201151
2020-07-28,0.5944599686452474,0.5944599686452474,0.5637175948768711,0.5637175948768711
2020-07-29,0.5972566516092613,0.5972566516092613,0.5675630339523903,0.5675630339523903
2020-07-30,0.5998545000699025,0.5998545000699025,0.5711350755857718,0.5711350755857718
2020-07-31,0.5983363181637448,0.5983363181637448,0.5695315376219506,0.5695315376219506
2020-08-03,0.570207388344445,0.570207388344445,0.551951747028701,0.551951747028701
2020-08-04,0.5848127489966614,0.5848127489966614,0.5718744878297182,0.5718744878297182
2020-08-05,0.5813562256142012,0.5813562256142012,0.5671666308484978,0.5671666308484978
2020-08-06,0.5765711296232974,0.5765711296232974,0.5605928732027401,0.5605928732027401
2020-08-07,0.5841650353420891,0.5841650353420891,0.5709624872868454,0.5709624872868454
2020-08-10,0.5802736194745628,0.5802736194745628,0.5656117904689967,0.5656117904689967
2020-08-11,0.578981248345806,0.578981248345806,0.5638347801669563,0.5638347801669563
2020-08-12,0.5657823044735453,0.5657823044735453,0.5700437055850834,0.5700437055850834
2020-08-13,0.5674908890228513,0.5674908890228513,0.5723930093403793,0.5723930093403793
2020-08-14,0.5791172905232882,0.5791172905232882,0.58837931140348,0.58837931140348
2020-08-17,0.586004809097689,0.586004809097689,0.597849649443281,0.597849649443281
2020-08-18,0.5603668666167982,0.5603668666167982,0.5625974785320563,0.5625974785320563
2020-08-19,0.5647436846760349,0.5647436846760349,0.5686156033635068,0.5686156033635068
2020-08-20,0.5538860127554729,0.5538860127554729,0.561155051494634,0.561155051494634
2020-08-21,0.5553884169554797,0.5553884169554797,0.5632208572696432,0.5632208572696432
2020-08-24,0.5518372182828396,0.5518372182828396,0.558337959094763,0.558337959094763
2020-08-25,0.5620455407982723,0.5620455407982723,0.572374402553483,0.572374402553483
2020-08-26,0.5531392827851392,0.5531392827851392,0.5601282977854251,0.5601282977854251
2020-08-27,0.5692331573683346,0.5692331573683346,0.5822573753373188,0.5822573753373188
2020-08-28,0.5685925653341459,0.5685925653341459,0.5813765612903095,0.5813765612903095
2020-08-31,0.5669585613205564,0.5669585613205564,0.5791298057716239,0.5791298057716239
2020-09-01,0.5665829587722099,0.5665829587722099,0.5786133522676473,0.5786133522676473
2020-09-02,0.5663129420683327,0.5663129420683327,0.5782420792998162,0.5782420792998162
2020-09-03,0.5654396294027868,0.5654396294027868,0.5770412743846906,0.5770412743846906
2020-09-04,0.5666354266647483,0.5666354266647483,0.5786854956198877,0.5786854956198877
2020-09-08,0.56774600283775,0.56774600283775,0.5802125378577649,0.5802125378577649
2020-09-09,0.5685459167360535,0.5685459167360535,0.5813124194679322,0.5813124194679322
2020-09-10,0.5676184660233624,0.5676184660233624,0.580037174737982,0.580037174737982
2020-09-11,0.5680936202236173,0.5680936202236173,0.5806905117633325,0.5806905117633325
2020-09-14,0.5678194283399852,0.5678194283399852,0.5803134979233384,0.5803134979233384
2020-09-15,0.5684467325036521,0.5684467325036521,0.5811760411483803,0.5811760411483803
2020-09-16,0.5668010511336447,0.5668010511336447,0.5789132292646201,0.5789132292646201
2020-09-17,0.5670914082614895,0.5670914082614895,0.5793124703154068,0.5793124703154068
2020-09-18,0.5667840309657586,0.5667840309657586,0.5788898265337767,0.5788898265337767
2020-09-21,0.5667840309657586,0.5667840309657586,0.5788898265337767,0.5788898265337767
2020-09-22,0.5820040102290023,0.5820040102290023,0.5998172980207368,0.5998172980207368
2020-09-23,0.5784318733681183,0.5784318733681183,0.5949056098370212,0.5949056098370212
2020-09-24,0.5807642638089034,0.5807642638089034,0.5981126466931009,0.5981126466931009
2020-09-25,0.5744551104418646,0.5744551104418646,0.5894375608134226,0.5894375608134226
2020-09-28,0.5750092029812008,0.5750092029812008,0.5799664975068952,0.5799664975068952
2020-09-29,0.5750092029812008,0.5750092029812008,0.5799664975068952,0.5799664975068952
